metric,values
linear_regression,slope=0.009907187638251897;intercept=-19.779070033728576;r-squared=0.545650384925288;p-value=9.193305633025946e-07
spearman_correlation,coefficient=0.6100745349863527;p-value=0.00016356507188581927
