metric,values
linear_regression,slope=-0.0008714086140181556;intercept=2.6236134049319464;r-squared=0.0002682100633573388;p-value=0.8875795918372456
spearman_correlation,coefficient=-0.12582742222992685;p-value=0.2755316023687372
