metric,values
linear_regression,slope=0.002024202200349725;intercept=-4.001146918475626;r-squared=0.7346365130473634;p-value=1.9258445454620012e-10
spearman_correlation,coefficient=0.9067977241055067;p-value=3.6582854221311335e-13
