metric,values
linear_regression,slope=0.0030202175835116274;intercept=-5.943336180812474;r-squared=0.5888290310105285;p-value=0.00012580750526023295
spearman_correlation,coefficient=0.5536406089613455;p-value=0.01392347221613963
