metric,values
linear_regression,slope=0.0022308462701204814;intercept=-4.360026049406024;r-squared=0.2269205371043448;p-value=0.039218930119890784
spearman_correlation,coefficient=-0.0031688342295416337;p-value=0.9897276425091617
