metric,values
linear_regression,slope=0.0023093124049860256;intercept=-4.562831879028606;r-squared=0.5004466686404981;p-value=4.157021227696418e-06
spearman_correlation,coefficient=0.3243779034972664;p-value=0.0655167892499802
