metric,values
linear_regression,slope=0.006080686008197073;intercept=-12.056268579191995;r-squared=0.09894837595390235;p-value=0.18963910365294107
spearman_correlation,coefficient=-0.09552783789612519;p-value=0.6972619714308013
