metric,values
linear_regression,slope=0.0016850379014005257;intercept=-3.2904309345400993;r-squared=0.559471725366676;p-value=0.00023101985631592776
spearman_correlation,coefficient=0.4513887462149217;p-value=0.05238874294560793
