metric,values
linear_regression,slope=0.001345605204904222;intercept=-2.5298664933120243;r-squared=0.28685994131917586;p-value=5.189452887937915e-07
spearman_correlation,coefficient=0.5700708296054181;p-value=6.242483885228213e-08
