metric,values
linear_regression,slope=0.001096704385814016;intercept=-2.1307190081396254;r-squared=0.4786062577962303;p-value=8.231343244787764e-06
spearman_correlation,coefficient=0.72446290459871;p-value=1.8725598072796474e-06
