metric,values
linear_regression,slope=0.0004642569295366303;intercept=-0.8516444447325012;r-squared=0.49334577133329177;p-value=0.0007992209731437531
spearman_correlation,coefficient=0.3800231933331307;p-value=0.1085131131599821
