metric,values
linear_regression,slope=0.004559502989656297;intercept=-9.072208179746836;r-squared=0.626183724371623;p-value=4.198167128493188e-08
spearman_correlation,coefficient=0.7300610749053925;p-value=1.4225788184031491e-06
