metric,values
linear_regression,slope=0.0023508008369277087;intercept=-4.566342605296382;r-squared=0.17070819160929096;p-value=0.0787073589268361
spearman_correlation,coefficient=-0.0736276018645798;p-value=0.7645174469360851
