metric,values
linear_regression,slope=0.002296178087241723;intercept=-4.537128677653279;r-squared=0.6096702393700996;p-value=8.304755801705678e-08
spearman_correlation,coefficient=0.7641346018125028;p-value=2.2812809501057782e-07
