metric,values
linear_regression,slope=0.002207113175996123;intercept=-4.367253895625274;r-squared=0.7622558251021494;p-value=3.446612247427921e-11
spearman_correlation,coefficient=0.8390106311362417;p-value=1.0715762446651495e-09
