metric,values
linear_regression,slope=0.00027882423926342884;intercept=-0.299359499136243;r-squared=0.01239078973488723;p-value=0.3351468491873838
spearman_correlation,coefficient=0.0029152725581936896;p-value=0.9799249171129375
