metric,values
linear_regression,slope=0.010267278325622256;intercept=-18.81782941834688;r-squared=0.01831407104227191;p-value=0.24059709883052255
spearman_correlation,coefficient=0.1205922894247955;p-value=0.2961601609004047
