metric,values
linear_regression,slope=0.0037995100588067436;intercept=-7.281386660632347;r-squared=0.05772372461713193;p-value=0.03531714783935571
spearman_correlation,coefficient=-0.1910392368676843;p-value=0.09605049120405323
