metric,values
linear_regression,slope=0.0012380861654411176;intercept=-2.2972035644949393;r-squared=0.20566292068200726;p-value=3.443158902199667e-05
spearman_correlation,coefficient=0.5374171539962189;p-value=4.666611797722028e-07
