metric,values
linear_regression,slope=0.00097821190605472;intercept=-1.6750924448239815;r-squared=0.19974372807256233;p-value=4.608356199027889e-05
spearman_correlation,coefficient=0.43985937125593433;p-value=6.262983412700026e-05
