metric,values
linear_regression,slope=0.0044474353970524955;intercept=-8.850597543884767;r-squared=0.10219999417098417;p-value=0.1821334332180928
spearman_correlation,coefficient=0.7556046660730196;p-value=0.00018305630240584447
